time,Open,High,Low,Close,Volume,spread,RealVolume
2022-09-07,1703.475,1719.426,1691.358,1716.553,95617,200,0
2022-09-08,1716.548,1727.938,1703.814,1710.648,106167,200,0
2022-09-09,1710.618,1729.336,1709.683,1717.186,87213,200,0
2022-09-11,1718.402,1720.155,1716.742,1718.396,3416,200,0
2022-09-12,1718.365,1735.081,1711.946,1725.246,92423,200,0
2022-09-13,1725.236,1731.772,1696.943,1702.097,114566,200,0
2022-09-14,1702.141,1707.068,1693.596,1697.512,99551,200,0
2022-09-15,1697.494,1697.775,1660.181,1662.357,103847,200,0
2022-09-16,1662.336,1680.173,1654.095,1675.286,95572,200,0
2022-09-18,1674.412,1679.963,1673.966,1677.946,4036,200,0
2022-09-19,1677.914,1678.74,1659.457,1675.752,84643,200,0
2022-09-20,1675.744,1679.43,1659.739,1666.4,87174,200,0
2022-09-21,1666.392,1687.883,1653.572,1667.043,141319,200,0
2022-09-22,1667.04,1684.833,1655.368,1672.724,138880,200,0
2022-09-23,1672.737,1675.933,1639.714,1643.877,118483,200,0
2022-09-25,1643.172,1645.673,1640.355,1644.054,5574,200,0
2022-09-26,1644.085,1649.598,1621.048,1627.669,150748,200,0
2022-09-27,1627.637,1642.334,1626.649,1628.797,114225,200,0
2022-09-28,1628.795,1662.66,1614.427,1656.115,147564,200,0
2022-09-29,1656.147,1665.171,1641.435,1664.567,132544,200,0
2022-09-30,1664.576,1675.424,1659.198,1660.963,121494,200,0
2022-10-02,1664.009,1665.394,1663.255,1664.152,4625,200,0
2022-10-03,1664.122,1702.553,1659.578,1700.996,126167,200,0
2022-10-04,1701.0,1729.469,1695.125,1725.563,120508,200,0
2022-10-05,1725.562,1727.552,1700.445,1718.379,118170,200,0
2022-10-06,1718.416,1725.491,1706.888,1711.893,108877,200,0
2022-10-07,1711.869,1714.764,1690.453,1695.001,116036,200,0
2022-10-09,1696.236,1699.857,1695.794,1696.694,4572,200,0
2022-10-10,1696.695,1697.232,1665.618,1670.131,101535,200,0
2022-10-11,1670.1,1683.879,1660.867,1664.037,122710,200,0
2022-10-12,1664.015,1678.298,1661.379,1674.483,118115,200,0
2022-10-13,1674.46,1682.36,1642.337,1663.441,152371,200,0
2022-10-14,1663.418,1671.694,1640.123,1644.267,126301,200,0
2022-10-16,1646.163,1647.656,1644.094,1647.47,4635,200,0
2022-10-17,1647.455,1668.339,1646.361,1650.698,97274,200,0
2022-10-18,1650.73,1660.853,1645.81,1652.305,104392,200,0
2022-10-19,1652.304,1653.366,1626.464,1627.097,103947,200,0
2022-10-20,1627.064,1645.57,1622.403,1626.98,107837,200,0
2022-10-21,1626.979,1658.087,1616.886,1657.806,154332,200,0
2022-10-23,1659.975,1670.606,1656.61,1661.251,20028,200,0
2022-10-24,1661.219,1663.306,1643.853,1651.742,126304,200,0
2022-10-25,1651.773,1662.281,1638.121,1652.755,107096,200,0
2022-10-26,1652.765,1674.834,1649.733,1667.513,109591,200,0
2022-10-27,1667.524,1670.754,1654.798,1661.862,122399,200,0
2022-10-28,1661.861,1666.992,1637.811,1644.448,109924,200,0
2022-10-30,1643.727,1645.373,1643.003,1643.446,4695,200,0
2022-10-31,1643.413,1645.56,1631.677,1632.416,86332,200,0
2022-11-01,1632.419,1656.969,1630.689,1646.772,109580,200,0
2022-11-02,1646.804,1669.428,1631.8,1633.721,137221,200,0
2022-11-03,1633.718,1640.911,1616.624,1629.737,115067,200,0
2022-11-04,1629.771,1681.665,1629.315,1680.966,133186,200,0
2022-11-06,1675.168,1680.309,1672.277,1672.66,5337,200,0
2022-11-07,1672.698,1681.865,1666.852,1674.072,103124,200,0
2022-11-08,1674.084,1716.901,1664.487,1711.587,118516,200,0
2022-11-09,1711.583,1722.291,1702.124,1706.45,124413,200,0
2022-11-10,1706.469,1757.196,1703.98,1752.196,145273,200,0
2022-11-11,1752.192,1772.822,1747.23,1770.992,129572,200,0
2022-11-13,1763.488,1764.891,1761.422,1763.439,4142,200,0
2022-11-14,1763.447,1775.007,1753.101,1769.481,114629,200,0
2022-11-15,1769.516,1786.472,1767.047,1780.746,154447,200,0
2022-11-16,1780.774,1784.992,1770.272,1773.843,121911,200,0
2022-11-17,1773.862,1774.762,1754.443,1760.058,111267,200,0
2022-11-18,1760.026,1767.674,1747.487,1750.852,93341,200,0
2022-11-20,1751.196,1752.595,1750.869,1752.261,2432,200,0
2022-11-21,1752.256,1752.986,1732.473,1738.506,101151,200,0
2022-11-22,1738.513,1749.613,1737.008,1741.139,89700,200,0
2022-11-23,1741.14,1753.378,1726.349,1752.271,106078,200,0
2022-11-24,1752.302,1758.565,1752.297,1755.189,62910,200,0
2022-11-25,1755.375,1761.12,1745.947,1755.969,74198,200,0
2022-11-27,1753.479,1754.215,1749.919,1750.9,1548,200,0
2022-11-28,1750.883,1763.703,1739.601,1741.231,103631,200,0
2022-11-29,1741.252,1758.749,1740.23,1748.884,96405,200,0
2022-11-30,1748.92,1773.44,1744.645,1773.332,122026,200,0
2022-12-01,1773.354,1804.439,1771.933,1802.253,122289,200,0
2022-12-02,1802.284,1802.96,1778.425,1797.945,117886,200,0
2022-12-04,1795.131,1799.341,1794.397,1798.946,3012,200,0
2022-12-05,1798.977,1809.886,1765.756,1769.348,110100,200,0
2022-12-06,1769.314,1780.835,1767.201,1770.915,94661,200,0
2022-12-07,1770.918,1790.489,1768.683,1786.964,105169,200,0
2022-12-08,1786.974,1794.664,1781.372,1789.207,87458,200,0
2022-12-09,1789.21,1806.043,1788.466,1797.455,98091,200,0
2022-12-11,1795.942,1796.635,1794.757,1794.954,2137,200,0
2022-12-12,1794.938,1795.446,1777.541,1781.893,86583,200,0
2022-12-13,1781.894,1824.45,1780.983,1809.588,129862,200,0
2022-12-14,1809.586,1814.085,1795.718,1807.616,129124,200,0
2022-12-15,1807.617,1807.818,1773.434,1776.49,120652,200,0
2022-12-16,1776.456,1794.228,1774.271,1793.062,95312,200,0
2022-12-18,1792.453,1793.006,1790.95,1791.017,2246,200,0
2022-12-19,1790.997,1798.712,1783.783,1787.255,82183,200,0
2022-12-20,1787.224,1821.02,1784.563,1817.199,125521,200,0
2022-12-21,1817.168,1823.76,1811.854,1814.892,90916,200,0
2022-12-22,1814.856,1820.365,1784.764,1793.44,99404,200,0
2022-12-23,1793.461,1803.194,1791.14,1798.469,85412,200,0
2022-12-26,1799.575,1803.087,1799.248,1800.842,1600,1955,0
2022-12-27,1800.845,1832.979,1800.238,1812.353,91862,200,0
2022-12-28,1812.377,1814.566,1796.946,1805.765,88176,200,0
2022-12-29,1805.728,1820.145,1804.34,1815.096,81997,200,0
2022-12-30,1815.108,1825.985,1813.189,1823.51,88313,200,0
2023-01-02,1825.968,1830.46,1823.998,1829.131,2383,834,0
2023-01-03,1829.11,1849.934,1826.747,1836.522,123212,200,0
2023-01-04,1836.501,1865.086,1836.185,1854.827,124302,200,0
2023-01-05,1854.794,1858.971,1824.835,1832.799,116567,200,0
2023-01-06,1832.8,1869.783,1831.265,1865.989,119649,200,0
2023-01-08,1866.736,1869.889,1866.716,1869.602,3665,200,0
2023-01-09,1869.595,1881.456,1867.099,1870.49,108241,200,0
2023-01-10,1870.477,1880.719,1867.789,1877.167,103582,200,0
2023-01-11,1877.196,1886.576,1866.893,1876.939,100795,200,0
2023-01-12,1876.935,1901.404,1873.231,1898.022,133215,200,0
2023-01-13,1898.023,1921.854,1892.282,1920.251,111528,200,0
2023-01-15,1919.066,1920.45,1916.844,1916.893,2928,200,0
2023-01-16,1916.904,1928.951,1910.813,1917.856,69343,200,0
2023-01-17,1917.882,1918.996,1903.633,1908.691,101915,200,0
2023-01-18,1908.674,1925.862,1896.559,1906.818,129115,200,0
2023-01-19,1906.848,1935.129,1900.95,1931.68,114677,200,0
2023-01-20,1931.683,1937.383,1920.58,1925.916,97925,200,0
2023-01-22,1924.243,1927.327,1924.189,1927.258,2521,200,0
2023-01-23,1927.232,1935.466,1911.296,1931.325,105359,200,0
2023-01-24,1931.313,1942.395,1916.962,1936.963,101114,200,0
2023-01-25,1936.953,1948.739,1919.727,1948.321,107054,200,0
2023-01-26,1948.346,1949.116,1918.36,1930.718,113341,200,0
2023-01-27,1930.679,1935.025,1916.455,1928.265,92726,200,0
2023-01-29,1926.737,1928.918,1926.408,1928.854,2431,200,0
2023-01-30,1928.859,1934.425,1920.627,1922.089,96194,200,0
2023-01-31,1922.121,1931.088,1900.736,1927.336,110285,200,0
2023-02-01,1927.329,1956.112,1920.494,1953.043,138608,200,0
2023-02-02,1953.008,1959.639,1911.211,1915.002,144422,200,0
2023-02-03,1914.998,1918.515,1861.424,1865.805,152575,0,0
2023-02-05,1864.169,1869.894,1863.718,1865.462,4303,200,0
2023-02-06,1865.429,1881.296,1862.982,1868.476,112453,200,0
2023-02-07,1868.507,1884.428,1864.972,1872.894,137566,200,0
2023-02-08,1872.893,1886.342,1868.977,1874.989,102312,200,0
2023-02-09,1874.983,1890.02,1858.842,1862.322,113689,200,0
2023-02-10,1862.353,1872.159,1852.744,1865.314,115662,200,0
2023-02-12,1863.97,1865.29,1862.633,1862.705,2215,200,0
2023-02-13,1862.739,1866.533,1850.417,1854.376,92835,200,0
2023-02-14,1854.38,1870.282,1843.14,1854.865,155839,200,0
2023-02-15,1854.862,1860.066,1830.262,1836.361,117900,200,0
2023-02-16,1836.353,1845.266,1827.404,1834.272,114968,200,0
2023-02-17,1834.288,1843.547,1818.861,1842.499,107708,200,0
2023-02-19,1841.163,1841.687,1838.386,1838.659,2114,200,0
2023-02-20,1838.666,1847.39,1837.282,1841.674,51829,200,0
2023-02-21,1841.705,1843.801,1830.204,1835.548,100264,200,0
2023-02-22,1835.552,1845.822,1823.473,1825.075,100896,200,0
2023-02-23,1825.086,1833.723,1817.188,1823.166,98791,200,0
2023-02-24,1823.187,1827.755,1808.912,1810.778,100827,200,0
2023-02-26,1811.891,1813.078,1811.239,1811.74,2182,200,0
2023-02-27,1811.728,1820.088,1806.177,1817.137,89116,200,0
2023-02-28,1817.138,1831.104,1804.363,1825.551,94256,200,0
2023-03-01,1825.552,1844.374,1823.042,1836.554,103939,200,0
2023-03-02,1836.53,1838.932,1829.947,1837.818,96436,200,0
2023-03-03,1837.787,1856.278,1837.756,1855.265,90672,200,0
2023-03-05,1853.694,1854.076,1852.152,1852.294,1832,200,0
2023-03-06,1852.302,1858.123,1845.066,1846.323,84771,200,0
2023-03-07,1846.303,1851.468,1812.67,1813.936,110318,200,0
2023-03-08,1813.935,1824.235,1809.372,1815.196,96063,200,0
2023-03-09,1815.209,1835.398,1811.922,1831.569,90828,200,0
2023-03-10,1831.565,1870.031,1827.702,1867.109,141676,200,0
2023-03-12,1883.238,1894.368,1875.749,1877.746,25382,200,0
2023-03-13,1877.716,1914.577,1871.496,1912.025,194700,200,0
2023-03-14,1912.055,1914.113,1895.228,1903.064,151648,200,0
2023-03-15,1903.055,1937.287,1885.551,1921.155,193151,200,0
2023-03-16,1921.145,1933.437,1907.298,1921.294,165420,200,0
2023-03-17,1921.306,1988.311,1918.196,1988.129,151221,200,0
2023-03-19,1985.925,1988.132,1975.037,1976.936,11961,200,0
2023-03-20,1976.968,2009.668,1965.507,1976.585,190895,200,0
2023-03-21,1976.581,1985.121,1935.343,1943.106,139928,200,0
2023-03-22,1943.074,1978.802,1934.107,1969.706,164681,200,0
2023-03-23,1969.755,2003.277,1966.317,1991.324,156167,200,0
2023-03-24,1991.292,2002.989,1975.165,1978.777,158796,200,0
2023-03-26,1976.4,1976.735,1969.353,1975.691,7621,200,0
2023-03-27,1975.658,1978.691,1943.944,1958.071,122519,200,0
2023-03-28,1958.04,1975.255,1949.141,1971.867,105017,200,0
2023-03-29,1971.898,1972.854,1958.665,1963.197,94574,200,0
2023-03-30,1963.201,1984.251,1955.345,1978.386,100036,200,0
2023-03-31,1978.412,1987.544,1966.806,1969.376,102316,200,0
2023-04-02,1966.275,1967.407,1956.964,1957.027,9069,200,0
2023-04-03,1957.063,1990.476,1949.542,1984.935,111861,200,0
2023-04-04,1984.929,2024.982,1976.821,2021.734,124054,200,0
2023-04-05,2021.748,2032.046,2009.719,2020.287,116543,200,0
2023-04-06,2020.269,2020.907,2000.61,2007.761,97624,200,0
2023-04-09,1997.006,2006.495,1995.817,2005.497,5721,200,0
2023-04-10,2005.529,2005.86,1981.436,1992.389,96568,200,0
2023-04-11,1992.356,2007.41,1988.773,2004.659,84783,200,0
2023-04-12,2004.675,2028.014,2000.847,2018.149,122569,200,0
2023-04-13,2018.118,2048.597,2015.276,2040.487,105978,200,0
2023-04-14,2043.62,2047.392,1992.364,2004.252,125898,200,0
2023-04-16,2001.207,2005.006,1999.651,2002.848,5116,200,0
2023-04-17,2002.866,2014.998,1980.899,1993.905,109414,200,0
2023-04-18,1993.915,2011.821,1991.071,2005.717,97078,200,0
2023-04-19,2005.719,2008.077,1969.176,1993.616,113319,200,0
2023-04-20,1993.651,2012.347,1990.476,2005.313,109856,200,0
2023-04-21,2005.287,2005.508,1971.584,1982.886,118259,200,0
2023-04-23,1982.082,1985.343,1981.789,1984.62,3555,200,0
2023-04-24,1984.618,1996.42,1974.028,1995.016,100104,200,0
2023-04-25,1995.015,2003.83,1976.067,2000.172,125714,200,0
2023-04-26,2000.178,2009.322,1983.348,1991.647,127312,200,0
2023-04-27,1991.617,2003.246,1974.016,1986.914,121200,200,0
2023-04-28,1986.879,1994.994,1976.103,1989.376,121129,200,0
2023-04-30,1989.602,1991.877,1986.62,1986.895,4632,200,0
2023-05-01,1986.927,2005.933,1977.054,1981.373,116652,200,0
2023-05-02,1981.385,2019.233,1978.455,2015.905,122117,200,0
2023-05-03,2015.916,2079.817,2007.647,2051.957,152909,200,0
2023-05-04,2051.959,2059.537,2030.327,2049.922,166002,200,0
2023-05-05,2049.924,2052.957,1999.451,2016.65,127095,200,0
2023-05-07,2016.428,2017.281,2014.174,2016.006,4614,200,0
2023-05-08,2015.976,2029.32,2015.15,2021.237,91200,200,0
2023-05-09,2021.266,2037.561,2019.483,2036.27,93231,200,0
2023-05-10,2036.31,2047.995,2021.306,2031.436,117018,200,0
2023-05-11,2031.411,2040.788,2011.104,2016.346,131657,200,0
2023-05-12,2016.367,2022.461,2000.895,2010.912,107767,200,0
2023-05-14,2008.664,2011.957,2008.664,2009.558,3383,200,0
2023-05-15,2009.551,2022.083,2008.637,2014.4,87550,200,0
2023-05-16,2014.411,2018.279,1985.414,1989.63,108068,200,0
2023-05-17,1989.633,1992.977,1974.734,1982.714,96742,200,0
2023-05-18,1982.717,1985.973,1951.937,1958.356,102465,200,0
2023-05-19,1958.364,1984.186,1954.003,1977.703,113065,200,0
2023-05-21,1978.005,1981.48,1978.005,1980.829,3723,200,0
2023-05-22,1980.827,1982.53,1968.69,1969.784,98370,200,0
2023-05-23,1969.814,1977.739,1954.232,1974.98,114176,200,0
2023-05-24,1975.021,1985.015,1956.683,1959.752,111496,200,0
2023-05-25,1959.748,1964.711,1938.813,1940.515,119450,200,0
2023-05-26,1940.492,1957.219,1936.576,1946.834,101875,200,0
2023-05-28,1943.265,1946.248,1943.227,1943.654,4454,200,0
2023-05-29,1943.687,1949.718,1940.27,1941.683,54792,200,0
2023-05-30,1941.498,1963.479,1932.042,1958.535,104714,200,0
2023-05-31,1958.544,1974.526,1953.625,1966.244,110075,200,0
2023-06-01,1966.275,1983.049,1953.338,1977.03,106021,200,0
2023-06-02,1977.033,1983.374,1947.58,1947.992,103346,200,0
2023-06-04,1947.366,1950.096,1947.297,1949.33,4212,200,0
2023-06-05,1949.344,1964.003,1938.048,1961.224,96575,200,0
2023-06-06,1961.231,1966.376,1954.345,1963.345,89172,200,0
2023-06-07,1963.315,1970.123,1939.839,1944.436,97629,200,0
2023-06-08,1944.433,1970.507,1942.764,1965.316,94448,200,0
2023-06-09,1965.313,1972.771,1956.58,1960.64,84885,200,0
2023-06-11,1959.592,1960.497,1958.013,1959.933,3406,200,0
2023-06-12,1959.941,1966.889,1949.118,1959.94,89398,200,0
2023-06-13,1959.953,1970.589,1939.975,1943.884,106680,200,0
2023-06-14,1943.891,1960.058,1939.673,1945.188,112297,200,0
2023-06-15,1945.146,1960.194,1924.838,1958.223,113388,200,0
2023-06-16,1958.223,1967.848,1953.188,1957.441,95087,200,0
2023-06-18,1958.5,1958.561,1956.235,1957.038,3499,200,0
2023-06-19,1957.046,1958.711,1947.734,1952.197,61241,200,0
2023-06-20,1952.383,1956.727,1929.584,1937.231,99436,200,0
2023-06-21,1937.225,1939.431,1918.808,1933.839,106485,200,0
2023-06-22,1933.838,1934.198,1912.355,1914.439,95129,200,0
2023-06-23,1914.439,1937.231,1910.091,1921.192,95850,200,0
2023-06-25,1922.951,1925.402,1922.682,1925.294,4392,200,0
2023-06-26,1925.293,1933.28,1920.902,1922.485,86276,200,0
2023-06-27,1922.501,1930.639,1910.8,1915.385,89607,200,0
2023-06-28,1915.389,1917.174,1902.5,1909.681,89687,200,0
2023-06-29,1909.712,1912.847,1892.839,1908.661,97305,200,0
2023-06-30,1908.692,1922.693,1900.419,1919.333,91776,200,0
2023-07-02,1918.552,1919.584,1917.464,1918.169,3360,200,0
2023-07-03,1918.164,1930.631,1910.003,1921.181,79028,200,0
2023-07-04,1921.18,1930.645,1920.024,1926.176,55092,200,0
2023-07-05,1926.247,1934.767,1914.765,1916.772,87093,200,0
2023-07-06,1916.784,1927.548,1902.568,1911.516,102467,200,0
2023-07-07,1911.543,1934.845,1909.625,1925.339,93342,200,0
2023-07-09,1925.288,1928.14,1923.842,1924.848,4469,200,0
2023-07-10,1924.858,1926.88,1912.299,1924.821,82799,200,0
2023-07-11,1924.822,1938.404,1924.406,1933.24,81692,200,0
2023-07-12,1933.244,1959.618,1933.171,1957.713,94138,200,0
2023-07-13,1957.714,1963.303,1952.294,1960.134,94417,200,0
2023-07-14,1960.124,1963.671,1950.661,1955.223,90901,200,0
2023-07-16,1954.975,1954.975,1951.354,1953.281,4160,200,0
2023-07-17,1953.281,1959.801,1945.553,1955.398,81277,200,0
2023-07-18,1955.396,1984.251,1954.677,1977.481,102235,200,0
2023-07-19,1977.464,1980.859,1969.692,1977.683,83620,200,0
2023-07-20,1977.661,1987.421,1965.32,1972.197,90602,200,0
2023-07-21,1972.227,1973.735,1956.605,1961.851,82263,200,0
2023-07-23,1962.228,1962.882,1960.351,1961.177,2975,200,0
2023-07-24,1961.172,1967.805,1953.174,1954.393,85839,200,0
2023-07-25,1954.394,1966.242,1951.787,1965.284,82941,200,0
2023-07-26,1965.283,1978.243,1962.002,1972.009,94552,200,0
2023-07-27,1972.012,1982.133,1942.018,1947.443,107110,200,0
2023-07-28,1947.411,1963.46,1946.054,1959.184,106930,200,0
2023-07-30,1959.875,1960.47,1957.373,1958.063,3961,200,0
2023-07-31,1958.054,1972.326,1950.718,1963.907,82332,200,0
2023-08-01,1963.906,1964.628,1941.209,1952.146,91697,200,0
2023-08-02,1952.14,1954.752,1932.864,1936.0,90771,200,0
2023-08-03,1936.025,1938.822,1929.496,1935.774,92179,200,0
2023-08-04,1935.747,1946.752,1925.071,1942.483,88437,200,0
2023-08-06,1942.56,1946.648,1942.415,1943.79,4433,200,0
2023-08-07,1943.785,1945.267,1931.357,1936.732,76143,200,0
2023-08-08,1936.763,1937.305,1922.508,1925.569,82161,200,0
2023-08-09,1925.574,1932.204,1913.983,1916.688,80888,200,0
2023-08-10,1916.688,1929.514,1910.694,1912.358,90708,200,0
2023-08-11,1912.358,1920.882,1911.858,1913.786,72542,200,0
2023-08-13,1913.666,1915.181,1912.395,1913.62,3311,200,0
2023-08-14,1913.62,1916.156,1902.465,1907.557,77664,200,0
2023-08-15,1907.567,1911.563,1896.208,1901.419,89207,200,0
2023-08-16,1901.412,1907.146,1891.652,1893.295,78591,200,0
2023-08-17,1893.298,1903.413,1884.996,1891.227,81652,200,0
2023-08-18,1891.231,1896.549,1886.724,1889.529,71926,200,0
2023-08-20,1889.357,1890.823,1888.8,1889.919,3175,200,0
2023-08-21,1889.934,1898.47,1884.547,1894.664,79698,200,0
2023-08-22,1894.674,1904.41,1888.824,1898.478,73976,200,0
2023-08-23,1898.476,1920.292,1898.432,1917.849,82470,200,0
2023-08-24,1917.849,1923.056,1911.554,1915.847,75281,200,0
2023-08-25,1915.845,1922.118,1903.45,1914.321,80408,200,0
2023-08-27,1915.974,1916.068,1914.322,1915.028,3310,200,0
2023-08-28,1915.029,1925.991,1912.694,1921.186,63467,200,0
2023-08-29,1921.199,1938.12,1914.357,1936.168,74859,200,0
2023-08-30,1936.176,1949.006,1934.94,1944.185,75675,200,0
2023-08-31,1944.195,1947.66,1939.033,1939.824,70635,200,0
2023-09-01,1939.828,1952.331,1934.334,1939.704,77934,200,0
2023-09-03,1939.987,1941.0,1939.406,1940.558,2143,200,0
2023-09-04,1940.557,1946.232,1936.688,1937.659,46362,200,0
2023-09-05,1937.551,1938.927,1925.272,1926.559,72879,200,0
2023-09-06,1926.559,1929.079,1915.153,1917.091,72856,200,0
2023-09-07,1917.086,1923.414,1915.987,1920.247,65696,200,0
2023-09-08,1920.255,1929.558,1917.153,1918.973,64958,200,0
2023-09-10,1919.621,1919.653,1916.576,1918.801,4003,200,0
2023-09-11,1918.795,1930.44,1918.316,1921.624,71007,200,0
2023-09-12,1921.59,1924.447,1907.232,1912.858,69301,200,0
2023-09-13,1912.857,1915.545,1905.105,1909.176,79606,200,0
2023-09-14,1909.169,1912.856,1900.918,1909.735,82527,200,0
2023-09-15,1909.766,1930.372,1909.766,1923.831,75295,200,0
2023-09-17,1924.077,1924.53,1922.547,1923.227,2713,200,0
2023-09-18,1923.227,1934.453,1922.723,1934.04,67196,200,0
2023-09-19,1934.061,1937.345,1929.723,1931.319,61555,200,0
2023-09-20,1931.317,1947.361,1927.837,1929.424,82827,200,0
2023-09-21,1929.428,1930.451,1913.641,1921.353,82595,200,0
2023-09-22,1921.361,1928.846,1921.19,1925.231,66567,200,0
2023-09-24,1926.116,1926.294,1924.402,1924.717,3126,200,0
2023-09-25,1924.73,1927.147,1914.981,1916.207,68740,200,0
2023-09-26,1916.209,1916.447,1899.103,1901.529,71470,200,0
2023-09-27,1901.524,1903.712,1872.491,1877.562,79490,200,0
2023-09-28,1877.583,1879.49,1857.494,1866.7,87844,200,0
2023-09-29,1866.695,1879.601,1846.282,1848.796,88176,200,0
2023-10-01,1847.284,1848.678,1845.687,1848.314,4065,200,0
2023-10-02,1848.314,1848.885,1820.404,1824.944,91703,200,0
2023-10-03,1824.919,1833.344,1815.218,1823.303,112739,200,0
2023-10-04,1823.303,1830.542,1816.556,1822.524,101114,200,0
2023-10-05,1822.472,1829.173,1812.994,1821.272,86951,200,0
2023-10-06,1821.272,1834.832,1810.402,1831.9,96662,200,0
2023-10-08,1853.39,1854.643,1845.525,1847.965,10973,200,0
2023-10-09,1847.992,1863.416,1844.161,1862.536,84497,200,0
2023-10-10,1862.582,1865.278,1852.97,1859.647,88390,200,0
2023-10-11,1859.633,1877.152,1858.59,1875.25,85908,200,0
2023-10-12,1875.251,1884.918,1867.883,1870.555,86445,200,0
2023-10-13,1870.546,1932.593,1870.055,1932.217,101879,200,0
2023-10-15,1927.521,1927.521,1921.177,1925.836,7670,200,0
2023-10-16,1925.842,1925.927,1908.144,1919.386,92286,200,0
2023-10-17,1919.382,1931.323,1912.343,1924.715,93202,200,0
2023-10-18,1924.711,1962.597,1923.763,1950.867,107467,200,0
2023-10-19,1950.8,1982.381,1945.172,1977.103,114853,200,0
2023-10-20,1977.137,1997.135,1971.961,1980.769,111704,200,0
2023-10-22,1972.732,1978.541,1970.037,1971.554,6283,200,0
2023-10-23,1971.516,1982.768,1964.273,1973.522,102758,200,0
2023-10-24,1973.52,1980.832,1953.409,1972.844,101747,200,0
2023-10-25,1972.848,1987.236,1963.001,1982.92,108694,200,0
2023-10-26,1982.941,1993.424,1971.77,1984.345,101729,200,0
2023-10-27,1984.343,2009.356,1976.84,2006.083,100356,200,0
2023-10-29,2002.989,2004.741,1996.833,2002.621,9375,200,0
2023-10-30,2002.649,2006.767,1990.941,1995.513,95379,200,0
2023-10-31,1995.531,2007.849,1978.806,1983.667,101913,200,0
2023-11-01,1983.67,1992.618,1969.823,1985.01,107154,200,0
2023-11-02,1984.989,1990.926,1978.798,1984.961,85339,200,0
2023-11-03,1984.956,2004.002,1983.218,1992.516,95233,200,0
2023-11-05,1991.419,1991.579,1987.149,1988.47,2473,200,0
2023-11-06,1988.473,1993.042,1975.736,1976.677,82630,200,0
2023-11-07,1976.653,1977.001,1956.624,1968.902,89594,200,0
2023-11-08,1968.908,1970.989,1947.335,1950.812,88849,200,0
2023-11-09,1950.815,1965.718,1944.514,1959.058,97692,200,0
2023-11-10,1959.06,1960.715,1932.898,1938.353,85417,200,0
2023-11-12,1941.002,1941.299,1921.384,1940.344,2187,200,0
2023-11-13,1940.374,1949.187,1931.604,1946.4,79791,200,0
2023-11-14,1946.414,1970.954,1937.47,1962.493,90777,200,0
2023-11-15,1962.487,1975.28,1955.412,1960.331,90297,200,0
2023-11-16,1960.333,1987.943,1956.436,1982.599,86806,199,0
2023-11-17,1982.577,1993.409,1978.514,1980.635,84992,199,0
2023-11-19,1977.456,1978.695,1974.12,1974.471,2471,199,0
2023-11-20,1974.532,1985.122,1965.416,1981.169,95902,199,0
2023-11-21,1981.155,2007.488,1980.709,1999.339,102340,199,0
2023-11-22,1999.338,2006.394,1986.851,1990.506,92532,199,0
2023-11-23,1990.515,1998.562,1989.762,1993.983,58355,199,0
2023-11-24,1994.072,2003.621,1991.467,2002.19,69438,199,0
2023-11-26,2000.897,2002.978,2000.484,2002.25,2311,357,0
2023-11-27,2002.364,2018.187,2001.79,2015.215,99708,199,0
2023-11-28,2015.217,2044.573,2011.389,2044.406,94608,199,0
2023-11-29,2044.426,2052.03,2035.228,2044.643,109456,199,0
2023-11-30,2044.64,2047.26,2031.274,2039.918,101387,199,0
2023-12-01,2040.075,2075.271,2033.825,2071.554,107664,199,0
2023-12-03,2074.106,2144.465,2071.634,2117.509,17125,381,0
2023-12-04,2117.935,2120.648,2019.986,2034.087,189490,199,0
2023-12-05,2033.931,2041.17,2009.744,2018.903,134342,199,0
2023-12-06,2018.904,2035.915,2018.683,2027.006,110315,199,0
2023-12-07,2026.977,2039.889,2020.091,2027.916,109390,199,0
2023-12-08,2028.061,2034.004,1994.518,2004.34,127462,199,0
2023-12-10,2005.584,2007.648,2004.547,2007.054,3143,199,0
2023-12-11,2006.993,2007.808,1975.841,1982.96,106030,199,0
2023-12-12,1982.954,1996.662,1977.115,1982.453,104515,199,0
2023-12-13,1982.452,2033.128,1973.033,2032.813,123529,199,0
2023-12-14,2032.858,2047.909,2027.353,2035.552,144916,199,0
2023-12-15,2035.52,2044.909,2015.546,2019.491,116109,199,0
2023-12-17,2019.802,2020.102,2015.895,2017.415,3338,199,0
2023-12-18,2017.414,2033.69,2016.067,2027.604,96959,199,0
2023-12-19,2027.568,2046.965,2021.696,2040.932,98161,199,0
2023-12-20,2040.862,2043.445,2027.387,2032.128,95462,199,0
2023-12-21,2032.103,2055.012,2031.906,2052.778,98487,199,0
2023-12-22,2052.788,2070.611,2046.753,2053.095,106445,199,0
2023-12-25,2057.746,2057.746,2052.916,2054.497,1477,1115,0
2023-12-26,2054.489,2069.045,2053.318,2065.502,59324,257,0
2023-12-27,2065.846,2084.425,2061.469,2079.169,89047,199,0
2023-12-28,2079.268,2088.485,2064.456,2066.564,100103,199,0
2023-12-29,2066.602,2074.729,2058.095,2062.838,93911,199,0
2024-01-01,2064.593,2066.095,2062.645,2063.543,1996,377,0
2024-01-02,2063.347,2078.877,2056.097,2059.476,101297,199,0
2024-01-03,2059.448,2065.982,2030.522,2042.666,120881,199,0
2024-01-04,2042.657,2050.958,2036.174,2043.865,98743,199,0
2024-01-05,2043.917,2063.986,2024.317,2045.479,136497,199,0
2024-01-07,2044.595,2045.575,2042.902,2044.208,2759,199,0
2024-01-08,2044.212,2046.59,2016.674,2030.439,118277,199,0
2024-01-09,2030.411,2042.004,2026.021,2030.401,108999,199,0
2024-01-10,2030.403,2040.263,2020.353,2026.358,102580,199,0
2024-01-11,2026.413,2047.852,2013.209,2034.954,134638,199,0
2024-01-12,2035.011,2062.267,2030.01,2049.032,119436,199,0
2024-01-14,2048.13,2048.705,2046.293,2047.612,2659,200,0
2024-01-15,2047.652,2058.626,2045.764,2053.841,73428,199,0
2024-01-16,2053.997,2054.508,2024.188,2027.826,127362,199,0
2024-01-17,2027.858,2032.935,2001.739,2009.243,121508,199,0
2024-01-18,2009.261,2024.232,2005.717,2023.423,100416,199,0
2024-01-19,2023.523,2039.232,2020.31,2029.452,91505,199,0
2024-01-21,2028.529,2028.563,2026.882,2027.504,2792,200,0
2024-01-22,2027.49,2032.074,2016.399,2020.552,95510,199,0
2024-01-23,2020.554,2037.908,2019.559,2029.137,96061,199,0
2024-01-24,2029.003,2036.63,2011.138,2016.101,105223,199,0
2024-01-25,2015.977,2025.241,2009.497,2020.248,98769,199,0
2024-01-26,2020.356,2026.819,2015.854,2018.469,84386,199,0
2024-01-28,2023.424,2028.599,2021.187,2021.831,5024,199,0
2024-01-29,2021.832,2037.561,2019.282,2030.73,90006,199,0
2024-01-30,2030.692,2048.556,2029.024,2036.231,98561,199,0
2024-01-31,2036.4,2055.969,2030.821,2039.784,126209,199,0
2024-02-01,2039.897,2065.458,2029.913,2054.627,120393,199,0
2024-02-02,2054.638,2057.623,2027.741,2039.607,109074,199,0
2024-02-04,2041.781,2042.217,2039.07,2039.716,3243,199,0
2024-02-05,2039.298,2039.822,2014.811,2024.859,98311,199,0
2024-02-06,2024.81,2038.88,2022.831,2035.069,89956,199,0
2024-02-07,2035.115,2044.527,2030.508,2036.227,83874,199,0
2024-02-08,2036.221,2038.726,2020.115,2034.123,89631,199,0
2024-02-09,2033.939,2037.174,2020.193,2024.24,82302,199,0
2024-02-11,2026.346,2026.705,2024.402,2025.266,2169,200,0
2024-02-12,2025.417,2027.553,2011.873,2018.65,77644,199,0
2024-02-13,2018.601,2032.196,1989.965,1991.193,98952,199,0
2024-02-14,1991.332,1996.068,1984.158,1993.452,91690,199,0
2024-02-15,1993.441,2008.221,1990.172,2003.157,87912,199,0
2024-02-16,2003.094,2015.126,1995.07,2013.269,89561,199,0
2024-02-18,2012.706,2019.066,1997.784,2010.603,4243,200,0
2024-02-19,2012.792,2022.956,2009.184,2016.203,63451,199,0
2024-02-20,2015.981,2030.875,2014.957,2024.128,80367,199,0
2024-02-21,2024.048,2032.25,2020.001,2025.568,82601,199,0
2024-02-22,2025.483,2034.833,2019.547,2024.677,88912,199,0
2024-02-23,2024.524,2041.344,2015.981,2035.524,84868,199,0
2024-02-25,2033.24,2034.94,2033.179,2034.224,2093,200,0
2024-02-26,2033.996,2037.02,2025.015,2031.073,79981,199,0
2024-02-27,2030.986,2039.471,2028.677,2030.09,76574,199,0
2024-02-28,2029.968,2037.922,2024.476,2034.303,77437,199,0
2024-02-29,2034.378,2050.671,2028.064,2043.981,88660,199,0
2024-03-01,2044.053,2088.31,2039.039,2083.315,98743,199,0
2024-03-03,2082.522,2086.145,2082.522,2083.44,2901,199,0
2024-03-04,2083.591,2119.885,2079.411,2114.48,99739,199,0
2024-03-05,2114.34,2141.881,2110.41,2128.162,124544,199,0
2024-03-06,2127.777,2152.234,2123.603,2147.192,119470,199,0
2024-03-07,2146.851,2164.753,2144.185,2161.467,123539,199,0
2024-03-08,2161.643,2195.146,2153.952,2178.502,136803,199,0
2024-03-10,2179.559,2183.825,2177.113,2181.567,5759,199,0
2024-03-11,2181.593,2189.012,2174.633,2183.552,102788,199,0
2024-03-12,2183.551,2184.483,2150.467,2156.915,130704,199,0
2024-03-13,2156.907,2179.797,2156.531,2175.361,101986,199,0
2024-03-14,2175.448,2176.971,2152.649,2161.62,105627,199,0
2024-03-15,2161.698,2172.712,2155.092,2155.697,95303,199,0
2024-03-17,2153.279,2156.533,2153.081,2156.516,5016,200,0
2024-03-18,2156.473,2163.613,2146.028,2161.65,93284,199,0
2024-03-19,2162.053,2162.836,2147.156,2157.009,96937,199,0
2024-03-20,2157.054,2211.005,2149.55,2203.501,130180,199,0
2024-03-21,2203.971,2212.563,2166.296,2181.491,141858,199,0
2024-03-22,2181.676,2186.043,2156.981,2165.338,111852,199,0
2024-03-24,2166.313,2168.894,2165.06,2168.337,5628,199,0
2024-03-25,2168.318,2181.26,2163.415,2172.878,102886,199,0
2024-03-26,2172.883,2200.05,2167.54,2179.466,109276,199,0
2024-03-27,2179.463,2197.586,2173.105,2190.969,107746,199,0
2024-03-28,2190.723,2236.293,2187.305,2232.587,123652,199,0
2024-03-31,2239.644,2247.34,2235.573,2244.928,10518,299,0
2024-04-01,2245.959,2265.678,2228.473,2248.935,129050,199,0
2024-04-02,2248.963,2288.148,2246.656,2280.206,151315,199,0
2024-04-03,2279.886,2302.445,2265.347,2297.448,153594,199,0
2024-04-04,2297.5,2305.537,2279.817,2288.891,143518,199,0
2024-04-05,2288.702,2330.526,2267.751,2329.355,173372,199,0
2024-04-07,2327.315,2328.564,2303.998,2311.647,19545,199,0
2024-04-08,2311.297,2354.147,2302.862,2338.788,231306,199,0
2024-04-09,2338.784,2365.34,2337.771,2354.776,184312,199,0
2024-04-10,2354.899,2360.079,2319.215,2335.429,228316,199,0
2024-04-11,2335.489,2379.358,2325.593,2377.0,178661,199,0
2024-04-12,2376.787,2431.528,2333.794,2344.382,305463,199,0
2024-04-14,2369.105,2371.92,2346.754,2364.486,11695,199,0
2024-04-15,2364.446,2391.957,2324.099,2381.833,250462,199,0
2024-04-16,2381.896,2398.263,2362.963,2382.843,237484,199,0
2024-04-17,2382.703,2395.581,2354.56,2367.839,195073,199,0
2024-04-18,2367.836,2392.804,2364.009,2380.003,168116,199,0
2024-04-19,2379.867,2417.894,2372.761,2390.677,255499,199,0
2024-04-21,2384.011,2388.595,2381.882,2386.483,9785,199,0
2024-04-22,2386.506,2386.506,2324.55,2333.738,189192,199,0
2024-04-23,2333.715,2334.376,2291.332,2323.21,218340,199,0
2024-04-24,2323.225,2337.354,2311.706,2316.219,155167,199,0
2024-04-25,2316.223,2344.872,2304.834,2330.621,174066,199,0
2024-04-26,2330.617,2352.555,2326.218,2337.792,141793,199,0
2024-04-28,2333.884,2336.829,2332.473,2335.985,6405,199,0
2024-04-29,2335.937,2346.709,2319.802,2333.173,153508,199,0
2024-04-30,2333.178,2336.113,2284.999,2291.244,156493,199,0
2024-05-01,2291.256,2328.294,2281.544,2323.809,178219,199,0
2024-05-02,2323.848,2326.493,2285.392,2304.247,147784,199,0
2024-05-03,2304.243,2320.712,2277.074,2301.627,171329,199,0
2024-05-05,2302.321,2303.288,2293.261,2293.968,7234,199,0
2024-05-06,2293.929,2332.091,2291.767,2325.943,148842,199,0
2024-05-07,2325.953,2329.926,2309.915,2315.118,117092,199,0
2024-05-08,2315.167,2321.336,2303.584,2308.74,124539,199,0
2024-05-09,2308.733,2348.325,2306.468,2346.516,132270,199,0
2024-05-10,2346.56,2378.476,2345.925,2360.449,146667,199,0
2024-05-12,2361.401,2363.093,2359.738,2360.41,5288,199,0
2024-05-13,2360.448,2364.489,2332.029,2338.408,129009,199,0
2024-05-14,2338.39,2359.592,2334.734,2355.772,131674,199,0
2024-05-15,2355.77,2391.911,2351.748,2391.769,158937,199,0
2024-05-16,2391.764,2397.341,2370.885,2377.726,139611,199,0
2024-05-17,2377.72,2422.733,2373.908,2413.933,137757,199,0
2024-05-19,2425.201,2425.201,2416.732,2420.194,10238,199,0
2024-05-20,2420.205,2450.026,2407.273,2426.133,208142,199,0
2024-05-21,2426.136,2433.928,2406.037,2421.654,171622,199,0
2024-05-22,2421.659,2426.542,2374.935,2382.124,169781,199,0
2024-05-23,2382.155,2383.687,2326.867,2332.012,191720,199,0
2024-05-24,2332.015,2347.385,2325.351,2333.781,122340,199,0
2024-05-26,2335.785,2340.685,2332.183,2337.175,6786,199,0
2024-05-27,2337.186,2358.486,2334.36,2352.372,95245,199,0
2024-05-28,2352.412,2364.109,2340.229,2359.685,145889,199,0
2024-05-29,2359.648,2361.361,2334.487,2338.364,130877,199,0
2024-05-30,2338.378,2351.847,2322.52,2343.907,155574,199,0
2024-05-31,2343.921,2359.692,2320.526,2327.191,154225,199,0
2024-06-02,2328.496,2328.76,2323.34,2325.937,6616,199,0
2024-06-03,2325.967,2354.746,2314.676,2350.629,144179,199,0
2024-06-04,2350.641,2352.79,2315.547,2328.786,147508,199,0
2024-06-05,2328.79,2357.389,2325.827,2355.012,136529,199,0
2024-06-06,2355.008,2378.522,2353.336,2376.73,137963,199,0
2024-06-07,2376.735,2387.697,2286.723,2293.799,196751,199,0
2024-06-09,2290.431,2300.041,2290.38,2298.478,7159,199,0
2024-06-10,2298.477,2313.758,2287.71,2309.931,120046,199,0
2024-06-11,2309.926,2319.95,2297.625,2315.071,132242,199,0
2024-06-12,2315.056,2341.627,2310.654,2320.549,172657,199,0
2024-06-13,2320.569,2326.755,2295.463,2302.335,146146,199,0
2024-06-14,2302.38,2336.562,2301.504,2332.824,127461,199,0
2024-06-16,2331.087,2331.483,2327.411,2328.874,4385,199,0
2024-06-17,2328.918,2328.947,2309.951,2320.645,110328,199,0
2024-06-18,2320.634,2333.079,2306.502,2328.255,120039,199,0
2024-06-19,2328.272,2334.96,2323.666,2329.342,73445,199,0
2024-06-20,2329.358,2365.508,2327.736,2360.747,127603,199,0
2024-06-21,2360.765,2368.732,2316.65,2321.503,135609,199,0
2024-06-23,2321.11,2322.193,2317.682,2319.187,5099,199,0
2024-06-24,2319.169,2334.629,2317.86,2330.877,110104,199,0
2024-06-25,2330.869,2337.087,2315.436,2320.027,117227,199,0
2024-06-26,2319.977,2323.89,2293.524,2298.401,129635,199,0
2024-06-27,2298.412,2330.936,2296.429,2327.72,116307,199,0
2024-06-28,2327.663,2339.809,2318.984,2326.638,115832,199,0
2024-06-30,2322.849,2326.157,2322.837,2324.933,4751,199,0
2024-07-01,2324.951,2338.478,2318.446,2332.222,114515,199,0
2024-07-02,2332.216,2336.779,2319.004,2330.18,111962,199,0
2024-07-03,2330.177,2364.926,2326.799,2358.699,118618,199,0
2024-07-04,2358.721,2362.54,2350.33,2356.721,72106,199,0
2024-07-05,2356.753,2392.927,2347.375,2391.557,127446,199,0
2024-07-07,2389.586,2390.178,2384.767,2386.117,5361,199,0
2024-07-08,2386.065,2391.088,2350.975,2361.711,122056,199,0
2024-07-09,2361.738,2371.583,2349.327,2364.966,122084,199,0
2024-07-10,2364.944,2386.657,2363.304,2372.852,101977,199,0
2024-07-11,2372.832,2424.538,2371.418,2415.854,157046,199,0
2024-07-12,2415.851,2418.241,2391.352,2411.399,121851,199,0
2024-07-14,2411.619,2412.243,2405.677,2408.657,6541,179,0
2024-07-15,2408.659,2439.76,2401.298,2422.496,131763,162,0
2024-07-16,2422.482,2469.967,2419.914,2468.278,147760,179,0
2024-07-17,2468.268,2483.757,2451.407,2461.296,180291,179,0
2024-07-18,2461.334,2474.966,2440.226,2441.25,145206,179,0
2024-07-19,2441.292,2441.343,2393.727,2400.451,172612,179,0
2024-07-21,2403.68,2411.931,2402.487,2411.528,7271,179,0
2024-07-22,2411.496,2412.188,2383.797,2395.783,141433,179,0
2024-07-23,2395.75,2411.984,2388.225,2408.513,129769,179,0
2024-07-24,2408.558,2431.954,2393.033,2398.669,151481,179,0
2024-07-25,2398.72,2399.985,2353.086,2363.801,219827,179,0
2024-07-26,2363.849,2390.799,2355.842,2387.114,141499,179,0
2024-07-28,2387.944,2403.181,2387.839,2397.091,11158,179,0
2024-07-29,2397.055,2402.46,2369.495,2381.143,146898,179,0
2024-07-30,2381.186,2412.878,2376.471,2409.807,149625,179,0
2024-07-31,2409.81,2450.951,2403.877,2445.743,174440,179,0
2024-08-01,2445.725,2462.302,2430.165,2445.844,204297,179,0
2024-08-02,2445.886,2477.704,2410.794,2441.892,265455,179,0
2024-08-04,2441.02,2446.337,2437.89,2440.952,13274,179,0
2024-08-05,2440.984,2458.836,2364.245,2404.837,361654,179,0
2024-08-06,2404.865,2418.333,2381.404,2383.787,233528,179,0
2024-08-07,2383.723,2407.059,2378.931,2384.791,182207,179,0
2024-08-08,2384.835,2427.818,2383.283,2424.595,181402,179,0
2024-08-09,2424.519,2437.068,2416.829,2430.805,149099,179,0
2024-08-11,2428.332,2433.242,2427.241,2427.927,6505,179,0
2024-08-12,2427.928,2476.033,2423.825,2475.536,134686,169,0
2024-08-13,2475.58,2476.963,2458.493,2464.06,144295,169,0
2024-08-14,2464.104,2480.064,2437.995,2449.408,210028,169,0
2024-08-15,2449.396,2470.095,2432.094,2457.298,203020,169,0
2024-08-16,2457.313,2509.766,2450.695,2507.82,159264,169,0
2024-08-18,2506.461,2506.778,2502.271,2506.414,7383,179,0
2024-08-19,2506.42,2507.482,2485.602,2503.544,149194,179,0
2024-08-20,2503.554,2531.668,2497.283,2512.964,163278,179,0
2024-08-21,2512.976,2519.942,2493.644,2512.783,157321,179,0
2024-08-22,2512.732,2514.701,2470.8,2487.564,159985,179,0
2024-08-23,2487.574,2518.35,2486.442,2512.357,157940,179,0
2024-08-25,2512.067,2516.683,2511.074,2515.917,7412,159,0
2024-08-26,2515.903,2527.009,2508.646,2515.511,146720,159,0
2024-08-27,2515.512,2529.041,2503.436,2525.269,154861,159,0
2024-08-28,2525.223,2525.813,2493.498,2508.11,154025,159,0
2024-08-29,2508.08,2528.669,2503.558,2519.615,155132,159,0
2024-08-30,2519.6,2526.914,2494.086,2503.342,168280,159,0
2024-09-01,2502.485,2504.76,2501.942,2502.98,5446,159,0
2024-09-02,2502.983,2507.31,2489.977,2497.242,100428,159,0
2024-09-03,2497.247,2506.247,2473.282,2493.223,190253,159,0
2024-09-04,2493.2,2500.286,2471.86,2495.829,165804,159,0
2024-09-05,2495.827,2523.574,2493.759,2517.282,168570,159,0
2024-09-06,2517.277,2529.225,2485.055,2497.54,235033,159,0
2024-09-08,2497.037,2498.279,2495.487,2496.869,6142,159,0
2024-09-09,2496.871,2507.701,2485.503,2506.813,160987,159,0
2024-09-10,2506.815,2518.849,2500.052,2518.678,149010,159,0
2024-09-11,2518.638,2529.06,2500.844,2511.901,193481,159,0
2024-09-12,2511.803,2560.091,2510.973,2558.422,193095,159,0
2024-09-13,2558.419,2586.12,2556.78,2579.067,173013,159,0
2024-09-15,2578.456,2580.454,2577.561,2579.163,7258,159,0
2024-09-16,2579.17,2589.651,2575.285,2583.659,139440,159,0
2024-09-17,2583.697,2586.956,2560.661,2574.05,164917,159,0
2024-09-18,2574.019,2600.138,2546.828,2559.239,254206,159,0
2024-09-19,2559.239,2594.963,2550.894,2587.282,209080,159,0
2024-09-20,2587.254,2625.754,2584.714,2622.098,185256,159,0
2024-09-22,2620.944,2622.12,2619.618,2620.234,5600,159,0
2024-09-23,2620.202,2634.881,2613.799,2626.3,162041,159,0
2024-09-24,2626.295,2664.366,2622.524,2658.204,201463,159,0
2024-09-25,2658.163,2670.602,2649.646,2656.256,188080,159,0
2024-09-26,2656.359,2685.611,2654.717,2672.601,223959,159,0
2024-09-27,2672.61,2674.266,2642.994,2657.983,209521,159,0
2024-09-29,2661.714,2665.106,2659.762,2663.543,9838,159,0
2024-09-30,2663.58,2666.069,2624.679,2635.634,202784,159,0
2024-10-01,2635.661,2673.222,2633.926,2660.361,202317,159,0
2024-10-02,2660.39,2663.362,2641.038,2660.328,170864,159,0
2024-10-03,2660.299,2662.968,2638.058,2655.804,184363,159,0
2024-10-04,2655.8,2670.167,2632.021,2653.519,203706,159,0
2024-10-06,2651.575,2652.397,2649.675,2650.128,6826,159,0
2024-10-07,2650.103,2659.613,2637.728,2642.944,173838,159,0
2024-10-08,2642.962,2652.964,2604.686,2621.868,241998,159,0
2024-10-09,2621.868,2624.321,2605.116,2608.476,175142,159,0
2024-10-10,2608.438,2636.005,2602.164,2633.149,198167,159,0
2024-10-11,2633.161,2661.462,2631.937,2656.864,151611,159,0
2024-10-13,2650.086,2652.472,2646.866,2648.091,9810,159,0
2024-10-14,2648.131,2666.838,2643.075,2649.357,155997,159,0
2024-10-15,2649.419,2668.93,2637.975,2660.5,162946,159,0
2024-10-16,2660.498,2685.394,2658.722,2674.087,175421,159,0
2024-10-17,2674.122,2696.788,2673.132,2693.706,191669,159,0
2024-10-18,2693.669,2722.633,2692.768,2721.778,182491,159,0
2024-10-20,2723.092,2725.145,2720.179,2723.416,7439,159,0
2024-10-21,2723.457,2740.552,2714.204,2721.483,211140,159,0
2024-10-22,2721.483,2748.908,2720.633,2746.553,170417,159,0
2024-10-23,2746.557,2758.508,2708.63,2721.258,211359,159,0
2024-10-24,2721.219,2743.208,2717.752,2733.844,178418,159,0
2024-10-25,2733.885,2747.774,2716.958,2747.023,160219,159,0
2024-10-27,2733.443,2740.176,2730.34,2735.815,12801,159,0
2024-10-28,2735.783,2745.917,2724.631,2744.427,158773,159,0
2024-10-29,2744.379,2775.399,2743.203,2774.915,180513,159,0
2024-10-30,2774.943,2790.075,2770.83,2785.49,176108,159,0
2024-10-31,2785.489,2790.067,2731.515,2746.691,197577,159,0
2024-11-01,2746.672,2762.275,2733.128,2736.69,186453,159,0
2024-11-03,2732.846,2740.334,2732.568,2738.352,5441,159,0
2024-11-04,2738.379,2748.215,2731.742,2736.003,162091,159,0
2024-11-05,2736.057,2749.96,2724.694,2745.707,157396,159,0
2024-11-06,2745.681,2749.681,2652.335,2664.048,373346,159,0
2024-11-07,2664.035,2710.36,2643.208,2706.866,239602,159,0
2024-11-08,2706.87,2710.418,2680.286,2684.758,201005,159,0
2024-11-10,2683.161,2685.65,2681.526,2685.605,3705,159,0
2024-11-11,2685.638,2686.141,2610.53,2624.038,210718,159,0
2024-11-12,2624.025,2627.16,2589.596,2598.955,233995,159,0
2024-11-13,2599.011,2618.841,2569.222,2570.989,226962,159,0
2024-11-14,2571.012,2577.44,2536.747,2566.899,243347,159,0
2024-11-15,2566.888,2576.067,2554.392,2562.969,203014,159,0
2024-11-17,2568.027,2575.523,2568.027,2571.477,5706,159,0
2024-11-18,2571.415,2615.113,2569.866,2612.704,190751,159,0
2024-11-19,2612.731,2639.473,2611.056,2635.166,199557,159,0
2024-11-20,2635.153,2655.433,2618.833,2652.124,172891,159,0
2024-11-21,2652.153,2673.522,2650.319,2669.159,179753,159,0
2024-11-22,2669.127,2715.658,2668.844,2715.573,214337,159,0
2024-11-24,2711.186,2721.437,2710.748,2719.756,8448,159,0
2024-11-25,2719.73,2720.143,2605.112,2610.46,324815,159,0
2024-11-26,2610.524,2641.993,2608.477,2632.254,231878,159,0
2024-11-27,2632.252,2658.19,2627.017,2637.168,182405,159,0
2024-11-28,2637.063,2649.674,2620.844,2638.769,122278,159,0
2024-11-29,2638.726,2666.383,2633.969,2655.23,154319,159,0
2024-12-01,2649.036,2650.324,2643.053,2645.659,5611,159,0
2024-12-02,2645.756,2651.794,2621.818,2642.211,226540,159,0
2024-12-03,2642.223,2655.665,2634.033,2642.721,183287,159,0
2024-12-04,2642.725,2657.147,2632.33,2650.397,188295,159,0
2024-12-05,2650.404,2655.518,2623.444,2633.713,173676,159,0
2024-12-06,2633.721,2645.733,2612.931,2632.88,205014,159,0
2024-12-08,2642.961,2648.547,2636.316,2640.064,8037,159,0
2024-12-09,2640.064,2676.431,2627.461,2660.449,196972,159,0
2024-12-10,2660.489,2698.332,2657.958,2695.991,180796,159,0
2024-12-11,2695.91,2721.058,2675.566,2719.922,185263,145,0
2024-12-12,2719.984,2726.206,2675.078,2680.623,73771,159,0
2024-12-13,2680.617,2692.778,2646.046,2648.392,70311,159,0
2024-12-15,2649.414,2653.127,2648.793,2651.479,1927,159,0
2024-12-16,2651.484,2664.447,2643.506,2651.744,118388,80,0
2024-12-17,2651.762,2658.625,2632.966,2647.378,161481,159,0
2024-12-18,2647.365,2651.737,2583.393,2588.225,184673,159,0
2024-12-19,2588.256,2626.43,2586.951,2593.519,208917,159,0
2024-12-20,2593.496,2631.875,2589.593,2622.643,178746,64,0
2024-12-22,2623.329,2624.915,2621.733,2624.293,1850,159,0
2024-12-23,2624.399,2633.25,2608.079,2615.492,123970,64,0
2024-12-24,2615.546,2621.472,2610.007,2616.713,100946,159,0
2024-12-25,2615.621,2620.115,2615.371,2618.656,2412,160,0
2024-12-26,2618.647,2639.177,2618.613,2632.684,118102,159,0
2024-12-27,2632.689,2638.314,2611.579,2621.623,135591,159,0
2024-12-29,2621.977,2626.159,2621.632,2624.035,4007,159,0
2024-12-30,2624.08,2628.138,2596.074,2606.677,141342,159,0
2024-12-31,2606.717,2627.541,2602.591,2624.381,122322,159,0
2025-01-01,2625.179,2625.839,2621.647,2623.766,3108,159,0
2025-01-02,2623.798,2660.463,2622.72,2658.327,161291,159,0
2025-01-03,2658.328,2665.253,2636.618,2640.37,133568,159,0
2025-01-05,2639.644,2642.379,2639.644,2641.063,3244,160,0
2025-01-06,2641.098,2649.473,2614.436,2634.681,194653,159,0
2025-01-07,2634.636,2664.264,2632.927,2649.807,170932,159,0
2025-01-08,2649.817,2670.053,2645.202,2662.507,162452,159,0
2025-01-09,2662.526,2678.351,2655.437,2669.952,136010,159,0
2025-01-10,2669.972,2698.026,2663.99,2689.551,273968,159,0
2025-01-12,2689.769,2691.375,2687.575,2691.105,5107,159,0
2025-01-13,2691.128,2693.356,2656.768,2668.058,263732,159,0
2025-01-14,2667.97,2678.294,2659.773,2675.589,201689,159,0
2025-01-15,2675.58,2697.97,2669.382,2694.965,219198,159,0
2025-01-16,2694.983,2724.714,2689.907,2714.578,245243,159,0
2025-01-17,2714.623,2717.34,2699.242,2702.879,165297,159,0
2025-01-19,2702.629,2703.083,2691.55,2696.424,4775,159,0
2025-01-20,2696.424,2713.77,2689.367,2710.445,143590,159,0
2025-01-21,2710.433,2745.963,2702.805,2744.259,169542,159,0
2025-01-22,2744.309,2763.43,2742.713,2755.583,221097,159,0
2025-01-23,2755.564,2758.962,2735.77,2754.543,235033,159,0
2025-01-24,2754.546,2786.013,2754.338,2771.079,222215,159,0
2025-01-26,2765.65,2769.721,2765.185,2767.553,8224,159,0
2025-01-27,2767.554,2772.571,2730.452,2741.71,279601,159,0
2025-01-28,2741.743,2765.052,2734.762,2762.702,205288,159,0
2025-01-29,2762.7,2766.271,2744.729,2760.303,226731,159,0
2025-01-30,2760.243,2798.476,2758.633,2796.146,234687,159,0
2025-01-31,2796.183,2817.244,2791.0,2799.348,294552,159,0
2025-02-02,2801.018,2804.653,2784.367,2793.709,36959,159,0
2025-02-03,2793.726,2830.604,2772.115,2814.023,393245,159,0
2025-02-04,2813.985,2845.504,2807.172,2841.206,313091,159,0
2025-02-05,2841.26,2882.425,2839.698,2869.279,291143,159,0
2025-02-06,2869.272,2873.32,2834.056,2858.0,291048,159,0
2025-02-07,2857.994,2886.747,2852.393,2861.006,274179,159,0
2025-02-09,2861.269,2870.59,2860.092,2867.495,7930,159,0
2025-02-10,2867.539,2921.675,2865.83,2917.847,259382,159,0
2025-02-11,2917.894,2942.682,2881.733,2898.536,361172,159,0
2025-02-12,2898.562,2909.267,2864.107,2905.781,269825,159,0
2025-02-13,2905.756,2932.484,2901.454,2931.217,228155,159,0
2025-02-14,2931.192,2940.005,2876.991,2882.772,290324,159,0
2025-02-16,2893.643,2894.031,2878.43,2879.221,16153,159,0
2025-02-17,2879.254,2906.488,2879.254,2899.373,177587,159,0
2025-02-18,2899.325,2936.994,2892.003,2934.061,170603,159,0
2025-02-19,2934.059,2947.041,2918.591,2935.384,200762,159,0
2025-02-20,2935.386,2954.975,2924.123,2941.53,198892,159,0
2025-02-21,2941.57,2949.759,2916.682,2936.453,205628,159,0
2025-02-23,2939.411,2940.553,2936.426,2936.867,6023,159,0
2025-02-24,2936.863,2956.199,2921.316,2949.996,210105,159,0
2025-02-25,2949.957,2952.552,2888.229,2918.604,244900,159,0
2025-02-26,2918.637,2930.141,2890.669,2919.118,192458,159,0
2025-02-27,2919.176,2919.176,2867.74,2876.063,266046,159,0
2025-02-28,2876.069,2885.034,2832.578,2858.314,244465,159,0
2025-03-02,2873.556,2876.984,2864.016,2870.799,14057,159,0
2025-03-03,2870.866,2895.267,2858.83,2890.886,205576,159,0
2025-03-04,2890.863,2927.891,2881.944,2914.363,223089,159,0
2025-03-05,2914.36,2930.042,2894.294,2918.236,264830,159,0
2025-03-06,2918.237,2926.584,2891.159,2910.359,233061,159,0
2025-03-07,2910.292,2930.525,2896.597,2911.256,272893,159,0
2025-03-09,2912.347,2917.051,2909.626,2916.187,10308,159,0
2025-03-10,2916.19,2918.312,2880.192,2884.685,259750,159,0
2025-03-11,2884.724,2922.232,2880.093,2915.551,191215,159,0
2025-03-12,2915.589,2940.574,2905.97,2938.039,202073,159,0
2025-03-13,2938.025,2989.943,2932.895,2986.435,208033,159,0
2025-03-14,2986.473,3004.92,2978.396,2986.37,200413,159,0
2025-03-16,2987.601,2994.118,2986.054,2990.061,7875,159,0
2025-03-17,2989.965,3002.8,2982.158,2999.831,149674,159,0
2025-03-18,2999.803,3038.334,2999.49,3031.774,178353,159,0
2025-03-19,3031.801,3051.945,3022.738,3050.026,176825,159,0
2025-03-20,3050.023,3057.484,3025.619,3046.409,193361,159,0
2025-03-21,3046.335,3047.435,2999.411,3023.493,193662,159,0
2025-03-23,3023.441,3026.293,3022.143,3024.721,6799,159,0
2025-03-24,3024.709,3033.208,3002.438,3009.91,176546,159,0
2025-03-25,3009.945,3035.942,3007.492,3021.041,148196,159,0
2025-03-26,3021.037,3032.042,3012.325,3021.623,154217,159,0
2025-03-27,3021.563,3059.819,3021.522,3055.71,209041,159,0
2025-03-28,3055.726,3086.803,3054.998,3085.002,213920,159,0
2025-03-30,3092.531,3097.884,3087.793,3089.213,13269,159,0
2025-03-31,3089.159,3128.165,3076.834,3120.581,276709,159,0
2025-04-01,3120.576,3149.03,3100.761,3115.168,272539,159,0
2025-04-02,3115.16,3167.792,3104.723,3162.709,319630,159,0
2025-04-03,3162.602,3164.812,3054.052,3112.884,498345,159,0
2025-04-04,3112.908,3136.756,3015.556,3038.506,516410,159,0
2025-04-06,3028.686,3032.445,2977.024,2999.944,46332,159,0
2025-04-07,2999.954,3055.804,2956.37,2981.328,684922,159,0
2025-04-08,2981.363,3022.746,2969.978,2978.321,332998,159,0
2025-04-09,2978.367,3099.689,2972.477,3086.784,457935,159,0
2025-04-10,3086.745,3191.324,3078.417,3188.972,358882,159,0
2025-04-11,3188.993,3245.436,3184.855,3237.519,383617,159,0
2025-04-13,3220.46,3224.786,3213.589,3223.733,19689,159,0
2025-04-14,3223.699,3245.757,3193.552,3212.626,264800,159,0
2025-04-15,3212.601,3251.788,3209.977,3251.78,184876,159,0
2025-04-16,3251.804,3357.779,3251.59,3350.133,295474,159,0
2025-04-17,3350.168,3356.281,3283.822,3327.671,308973,159,0
2025-04-20,3331.849,3353.102,3331.315,3348.078,23727,159,0
2025-04-21,3348.119,3444.267,3347.487,3434.548,296474,159,0
2025-04-22,3434.524,3500.094,3315.828,3336.561,547421,159,0
2025-04-23,3336.535,3386.661,3260.042,3316.383,494875,159,0
2025-04-24,3316.351,3370.789,3306.739,3348.976,350510,159,0
2025-04-25,3348.951,3363.157,3265.063,3318.798,321226,159,0
2025-04-27,3325.64,3330.215,3298.606,3302.739,25711,159,0
2025-04-28,3302.791,3352.993,3268.077,3337.682,306656,159,0
2025-04-29,3337.643,3340.035,3299.649,3317.122,257400,159,0
2025-04-30,3317.122,3327.982,3266.901,3272.887,297867,159,0
2025-05-01,3272.922,3276.326,3201.862,3237.253,318777,159,0
2025-05-02,3237.291,3269.242,3222.721,3240.947,280535,159,0
2025-05-04,3238.49,3252.3,3237.494,3247.931,17244,159,0
2025-05-05,3247.986,3338.019,3241.18,3334.031,263317,159,0
2025-05-06,3334.038,3435.016,3323.211,3400.68,375909,159,0
2025-05-07,3400.723,3401.666,3360.068,3376.488,356943,159,0
2025-05-08,3376.515,3414.851,3288.697,3316.412,386953,159,0
2025-05-09,3316.448,3347.556,3274.676,3326.805,270093,159,0
2025-05-11,3282.255,3292.619,3265.847,3287.534,32363,159,0
2025-05-12,3287.506,3289.998,3207.693,3236.88,398350,159,0
2025-05-13,3236.906,3265.659,3215.87,3254.414,262850,159,0
2025-05-14,3254.388,3254.646,3167.97,3186.128,312086,159,0
2025-05-15,3186.011,3252.105,3120.681,3237.15,310831,159,0
2025-05-16,3237.175,3244.615,3154.289,3202.214,313131,159,0
2025-05-18,3214.226,3245.227,3211.674,3234.91,28665,159,0
2025-05-19,3234.947,3249.812,3206.584,3222.532,266959,159,0
2025-05-20,3222.561,3304.112,3204.521,3290.695,274689,159,0
2025-05-21,3290.734,3324.897,3285.42,3320.085,284285,159,0
2025-05-22,3320.121,3345.472,3279.252,3300.146,302849,159,0
2025-05-23,3300.172,3365.925,3286.972,3356.306,303458,159,0
2025-05-25,3352.095,3352.48,3341.363,3342.713,22939,159,0
2025-05-26,3342.691,3356.859,3323.511,3346.139,165193,159,0
2025-05-27,3346.182,3350.029,3285.089,3309.411,249370,159,0
2025-05-28,3309.431,3325.507,3250.232,3259.895,245300,159,0
2025-05-29,3259.921,3331.225,3245.432,3315.503,268437,159,0
2025-05-30,3315.498,3322.745,3271.526,3289.665,264400,159,0
2025-06-01,3303.113,3316.742,3299.873,3310.255,16999,159,0
2025-06-02,3310.213,3392.238,3301.452,3387.456,234603,159,0
2025-06-03,3387.407,3388.671,3333.053,3359.996,224937,159,0
2025-06-04,3359.943,3384.637,3343.732,3378.042,217983,159,0
2025-06-05,3378.099,3403.592,3339.37,3361.81,319027,159,0
2025-06-06,3361.867,3375.685,3307.053,3311.702,266604,159,0
2025-06-08,3317.818,3321.217,3309.24,3318.038,14520,159,0
2025-06-09,3318.082,3338.24,3293.428,3326.766,200114,159,0
2025-06-10,3326.809,3349.153,3301.917,3327.862,228346,159,0
2025-06-11,3327.936,3373.534,3319.245,3365.376,271148,159,0
2025-06-12,3365.4,3399.02,3338.57,3395.882,279821,160,0
2025-06-13,3395.837,3446.819,3391.759,3433.449,340949,160,0
2025-06-15,3440.955,3451.252,3438.591,3444.141,24939,160,0
2025-06-16,3444.166,3451.237,3382.735,3402.769,275599,160,0
2025-06-17,3402.815,3403.269,3366.079,3387.369,267257,160,0
2025-06-18,3387.295,3400.011,3362.474,3375.023,245285,160,0
2025-06-19,3375.042,3387.941,3347.503,3368.739,184534,160,0
2025-06-20,3368.763,3374.477,3340.345,3368.546,185599,160,0
2025-06-22,3384.117,3388.96,3371.197,3372.755,26325,160,0
2025-06-23,3372.776,3393.565,3341.446,3344.235,254925,160,0
2025-06-24,3344.27,3357.912,3295.397,3324.142,255984,160,0
2025-06-25,3324.139,3340.194,3311.894,3339.028,159654,160,0
2025-06-26,3338.987,3350.37,3309.947,3318.758,197675,160,0
2025-06-27,3318.788,3322.068,3255.836,3274.598,241661,160,0
2025-06-29,3272.488,3274.234,3247.921,3263.806,27906,160,0
2025-06-30,3263.775,3314.602,3259.456,3312.441,184948,160,0
2025-07-01,3312.493,3358.015,3309.899,3338.152,187548,160,0
2025-07-02,3338.186,3365.748,3327.563,3349.395,176169,160,0
2025-07-03,3349.42,3363.677,3311.535,3330.871,180193,160,0
2025-07-04,3330.875,3345.098,3325.869,3335.07,96936,160,0
2025-07-06,3341.408,3341.924,3326.187,3328.853,12001,160,0
2025-07-07,3328.83,3345.827,3296.296,3334.653,206382,160,0
2025-07-08,3334.697,3339.5,3287.069,3302.277,195816,160,0
2025-07-09,3302.365,3321.176,3282.626,3317.639,179020,160,0
2025-07-10,3317.559,3330.337,3310.064,3323.808,159172,160,0
2025-07-11,3323.764,3368.749,3323.637,3355.105,187015,160,0
2025-07-13,3361.295,3374.044,3359.658,3367.772,17898,160,0
2025-07-14,3367.731,3375.078,3340.954,3345.337,170087,160,0
2025-07-15,3345.299,3366.356,3320.218,3331.056,176961,160,0
2025-07-16,3331.092,3377.55,3319.529,3346.526,240482,160,0
2025-07-17,3346.556,3347.405,3309.883,3340.139,165114,160,0
2025-07-18,3340.176,3361.273,3331.762,3350.395,137686,160,0
2025-07-20,3348.695,3350.115,3345.01,3349.122,7808,160,0
2025-07-21,3349.168,3402.783,3347.624,3396.532,159136,160,0
2025-07-22,3396.54,3433.507,3383.24,3427.458,182182,160,0
2025-07-23,3427.433,3438.98,3381.375,3390.008,207615,160,0
2025-07-24,3390.048,3393.438,3351.315,3369.419,177231,160,0
2025-07-25,3369.422,3373.578,3324.928,3336.869,151347,160,0
2025-07-27,3329.144,3337.465,3323.792,3333.683,15947,160,0
2025-07-28,3333.675,3345.351,3301.777,3312.468,173241,160,0
2025-07-29,3312.485,3334.142,3307.843,3327.537,172242,160,0
2025-07-30,3327.544,3334.052,3268.034,3285.303,217647,160,0
2025-07-31,3285.257,3314.812,3282.802,3288.651,190302,160,0
2025-08-01,3288.607,3363.566,3281.59,3363.119,223418,160,0
2025-08-03,3364.339,3364.568,3354.526,3361.957,12423,160,0
2025-08-04,3361.99,3385.348,3345.006,3377.407,153410,160,0
2025-08-05,3377.383,3390.409,3349.803,3383.151,149253,160,0
2025-08-06,3383.221,3385.34,3358.091,3370.155,144966,160,0
2025-08-07,3370.205,3409.019,3365.192,3400.47,258318,160,0
2025-08-08,3400.432,3404.271,3376.445,3398.564,357790,160,0
2025-08-10,3400.578,3401.819,3390.304,3391.548,14078,160,0
2025-08-11,3391.592,3391.639,3341.273,3349.027,216278,160,0
2025-08-12,3349.006,3359.254,3331.08,3350.57,206978,160,0
2025-08-13,3350.58,3370.735,3342.667,3362.702,143392,160,0
2025-08-14,3362.748,3374.832,3329.838,3335.551,190558,160,0
2025-08-15,3335.58,3348.747,3332.372,3335.213,137546,160,0
2025-08-17,3334.569,3335.381,3323.547,3327.082,10046,160,0
2025-08-18,3327.08,3358.418,3326.743,3330.978,131890,160,0
2025-08-19,3330.99,3345.328,3312.771,3314.231,143230,160,0
2025-08-20,3314.241,3352.092,3311.476,3346.836,133576,160,0
2025-08-21,3346.906,3348.112,3325.151,3338.411,134326,160,0
2025-08-22,3338.367,3378.869,3321.45,3372.299,158300,160,0
2025-08-24,3368.744,3370.998,3365.862,3368.995,7182,160,0
2025-08-25,3369.08,3376.306,3351.716,3354.821,109249,160,0
2025-08-26,3354.827,3393.583,3351.207,3390.862,161296,160,0
2025-08-27,3390.853,3399.502,3373.698,3395.819,132695,160,0
2025-08-28,3395.755,3423.131,3384.615,3414.819,139439,160,0
2025-08-29,3414.85,3453.924,3404.34,3448.035,138094,160,0
2025-08-31,3445.866,3452.606,3442.459,3447.952,9769,160,0
2025-09-01,3447.912,3489.928,3437.028,3479.211,164643,160,0
2025-09-02,3479.124,3540.122,3470.194,3529.995,246923,160,0
2025-09-03,3530.082,3578.427,3526.807,3560.292,236342,160,0
2025-09-04,3560.341,3563.473,3511.172,3552.549,233765,160,0
2025-09-05,3552.532,3556.504,3548.969,3552.188,4591,160,0
